{"cameraMode":{"drawMode":0,"name":"Shaded","section":"Shading Mode"},"sceneLighting":false,"audioPlay":false,"sceneViewState":{"showFog":true,"showMaterialUpdate":true,"showSkybox":true,"showFlares":true,"showImageEffects":true,"showParticleSystems":true},"in2DMode":false,"pivot":{"x":0.0013136863708496094,"y":0.6304550170898438,"z":-1.1178665161132813},"rotation":{"x":-0.14267997443675996,"y":0.8567453622817993,"z":-0.3330982029438019,"w":-0.366981565952301},"size":12.002913475036621,"orthographic":true}